{
  "_comment": "EXAMPLE CONFIG - Copy to map-layers.json to use. DFS Layer requires permission from DFS Deutsche Flugsicherung GmbH!",
  "mapSettings": {
    "defaultZoom": 9,
    "smoothSensitivity": 1.5
  },
  "defaultBaseLayer": "Streets",
  "defaultOverlays": {
    "OpenAip": "On",
    "Aircraft": "On",
    "Flightpath": "Off",
    "Sectionals": "Off",
    "Wind": "OpenWeatherMap",
    "Weather": "Off",
    "Elevation Profile": "Off",
    "ControlZones": "Off"
  },
  "aircraftScale": 1.0,
  "windSettings": {
    "gridSize": 5,
    "maxSpeedForColor": 50,
    "arrowSize": 24
  },
  "owmApiKey": "9de243494c0b295cca9337e1e96b00e2",
  "scaleControl": {
    "metric": true,
    "imperial": false,
    "nautic": true
  },
  "controlZoneSettings": {
    "opacity": 0.3,
    "colors": {
      "CTR": "#3388ff",
      "APP": "#33ff88",
      "TWR": "#ff8833",
      "GND": "#ff3388",
      "DEL": "#8833ff",
      "FSS": "#3388ff"
    }
  },
  "baseLayers": [
    {
      "name": "Streets",
      "type": "tileLayer",
      "url": "https://{s}.tile.openstreetmap.de/{z}/{x}/{y}.png",
      "options": {
        "attribution": "&copy; <a href=\"https://www.openstreetmap.org/copyright\">OpenStreetMap</a> contributors",
        "maxZoom": 18,
        "minZoom": 0,
        "crossOrigin": "anonymous",
        "subdomains": ["a", "b", "c"],
        "keepBuffer": 4,
        "updateWhenIdle": true,
        "updateWhenZooming": true,
        "maxNativeZoom": 18
      }
    },
    {
      "name": "Hybrid",
      "type": "tileLayer",
      "url": "https://{s}.google.com/vt/lyrs=s,h&x={x}&y={y}&z={z}",
      "options": {
        "attribution": "<a href='http://maps.google.com/'>Google</a> Maps Satellite",
        "maxZoom": 21,
        "minZoom": 0,
        "crossOrigin": "anonymous",
        "subdomains": ["mt0", "mt1", "mt2", "mt3"],
        "keepBuffer": 4,
        "updateWhenIdle": true,
        "updateWhenZooming": true,
        "maxNativeZoom": 21
      }
    },
    {
      "name": "Satellite",
      "type": "tileLayer",
      "url": "https://{s}.google.com/vt/lyrs=s&x={x}&y={y}&z={z}",
      "options": {
        "attribution": "<a href='http://maps.google.com/'>Google</a> Maps Satellite",
        "maxZoom": 21,
        "minZoom": 0,
        "crossOrigin": "anonymous",
        "subdomains": ["mt0", "mt1", "mt2", "mt3"],
        "keepBuffer": 4,
        "updateWhenIdle": true,
        "updateWhenZooming": true,
        "maxNativeZoom": 21
      }
    },
    {
      "name": "Terrain",
      "type": "tileLayer",
      "url": "https://{s}.tile.opentopomap.org/{z}/{x}/{y}.png",
      "options": {
        "attribution": "Map data: &copy; <a href=\"https://www.openstreetmap.org/copyright\">OpenStreetMap</a> contributors, <a href=\"http://viewfinderpanoramas.org\">SRTM</a> | Map style: &copy; <a href=\"https://opentopomap.org\">OpenTopoMap</a> (<a href=\"https://creativecommons.org/licenses/by-sa/3.0/\">CC-BY-SA</a>)",
        "maxZoom": 17,
        "minZoom": 0,
        "subdomains": ["a", "b", "c"],
        "keepBuffer": 4,
        "updateWhenIdle": true,
        "updateWhenZooming": true,
        "maxNativeZoom": 17
      }
    },
    {
      "name": "CartoDB Dark",
      "type": "tileLayer",
      "url": "https://{s}.basemaps.cartocdn.com/dark_all/{z}/{x}/{y}.png",
      "options": {
        "attribution": "&copy; <a href=\"https://www.openstreetmap.org/copyright\">OpenStreetMap</a> contributors &copy; <a href=\"https://carto.com/attributions\">CARTO</a>",
        "maxZoom": 19,
        "minZoom": 0,
        "crossOrigin": "anonymous",
        "subdomains": ["a", "b", "c", "d"],
        "keepBuffer": 4,
        "updateWhenIdle": true,
        "updateWhenZooming": true,
        "maxNativeZoom": 19
      }
    },
    {
      "name": "Stadia Terrain",
      "type": "tileLayer",
      "url": "https://tiles.stadiamaps.com/tiles/stamen_terrain/{z}/{x}/{y}.jpg",
      "options": {
        "attribution": "&copy; <a href=\"https://www.stadiamaps.com/\" target=\"_blank\">Stadia Maps</a> &copy; <a href=\"https://www.stamen.com/\" target=\"_blank\">Stamen Design</a> &copy; <a href=\"https://openmaptiles.org/\" target=\"_blank\">OpenMapTiles</a> &copy; <a href=\"https://www.openstreetmap.org/copyright\">OpenStreetMap</a> contributors",
        "maxZoom": 18,
        "minZoom": 0,
        "crossOrigin": "anonymous",
        "keepBuffer": 4,
        "updateWhenIdle": true,
        "updateWhenZooming": true,
        "maxNativeZoom": 18
      }
    },
    {
      "name": "ESRI World Imagery",
      "type": "tileLayer",
      "url": "https://server.arcgisonline.com/ArcGIS/rest/services/World_Imagery/MapServer/tile/{z}/{y}/{x}",
      "options": {
        "attribution": "Tiles &copy; Esri &mdash; Source: Esri, i-cubed, USDA, USGS, AEX, GeoEye, Getmapping, Aerogrid, IGN, IGP, UPR-EGP, and the GIS User Community",
        "maxZoom": 18,
        "minZoom": 0,
        "crossOrigin": "anonymous",
        "keepBuffer": 4,
        "updateWhenIdle": true,
        "updateWhenZooming": true,
        "maxNativeZoom": 18
      }
    }
  ],
  "overlayGroups": [
    {
      "groupName": "Sectionals",
      "_warning": "DFS ICAO charts require written permission from DFS Deutsche Flugsicherung GmbH for commercial/automated use! See: https://ais.dfs.de/pilotservice/service/information/disclaimer/disclaimer.jsp",
      "layers": [
        {
          "name": "DFS",
          "type": "tileLayer",
          "url": "{{DFS_PROXY}}/api/dfs/tiles/{z}/{x}/{y}.png",
          "options": {
            "attribution": "&copy; <a href=\"https://www.dfs.de/homepage/de/\">DFS Deutsche Flugsicherung GmbH</a> - Only for personal use with DFS permission!",
            "maxZoom": 13,
            "minZoom": 7,
            "keepBuffer": 4,
            "updateWhenIdle": true,
            "updateWhenZooming": true,
            "maxNativeZoom": 13
          }
        },
        {
          "name": "Off",
          "type": "tileLayer",
          "url": "http://",
          "options": {}
        }
      ]
    },
    {
      "groupName": "OpenAip",
      "layers": [
        {
          "name": "On",
          "type": "tileLayer",
          "url": "{{OPENAIP_PROXY}}/api/openaip/tiles/{z}/{x}/{y}.png",
          "options": {
            "attribution": "<a href=\"https://www.openaip.net/\">openAIP Data</a> (<a href=\"https://creativecommons.org/licenses/by-sa/3.0/\">CC-BY-NC-SA</a>)",
            "minZoom": 7,
            "maxZoom": 18,
            "crossOrigin": "anonymous",
            "keepBuffer": 4,
            "updateWhenIdle": true,
            "updateWhenZooming": true,
            "maxNativeZoom": 18
          }
        },
        {
          "name": "Off",
          "type": "tileLayer",
          "url": "http://",
          "options": {}
        }
      ]
    },
    {
      "groupName": "Aircraft",
      "layers": [
        {
          "name": "On",
          "type": "tileLayer",
          "url": "http://",
          "options": {}
        },
        {
          "name": "Off",
          "type": "tileLayer",
          "url": "http://",
          "options": {}
        }
      ]
    },
    {
      "groupName": "Flightpath",
      "layers": [
        {
          "name": "On",
          "type": "tileLayer",
          "url": "http://",
          "options": {}
        },
        {
          "name": "Off",
          "type": "tileLayer",
          "url": "http://",
          "options": {}
        },
        {
          "name": "Reset",
          "type": "tileLayer",
          "url": "http://",
          "options": {}
        }
      ]
    },
    {
      "groupName": "Wind",
      "layers": [
        {
          "name": "OpenWeatherMap",
          "type": "tileLayer",
          "url": "https://tile.openweathermap.org/map/wind_new/{z}/{x}/{y}.png?appid=9de243494c0b295cca9337e1e96b00e2",
          "options": {
            "opacity": 0.6,
            "attribution": "&copy; OpenWeatherMap"
          },
          "default": true
        },
        {
          "name": "Off",
          "type": "tileLayer",
          "url": "http://",
          "options": {}
        }
      ]
    },
    {
      "groupName": "Weather",
      "layers": [
        {
          "name": "Clouds",
          "type": "owmLayer",
          "owmType": "clouds",
          "options": {
            "opacity": 0.5,
            "showLegend": true,
            "legendPosition": "bottomright"
          }
        },
        {
          "name": "Precipitation",
          "type": "owmLayer",
          "owmType": "precipitation",
          "options": {
            "opacity": 0.6,
            "showLegend": true,
            "legendPosition": "bottomright"
          }
        },
        {
          "name": "Temperature",
          "type": "owmLayer",
          "owmType": "temperature",
          "options": {
            "opacity": 0.6,
            "showLegend": true,
            "legendPosition": "bottomright"
          }
        },
        {
          "name": "Pressure",
          "type": "owmLayer",
          "owmType": "pressure",
          "options": {
            "opacity": 0.6,
            "showLegend": true,
            "legendPosition": "bottomright"
          }
        },
        {
          "name": "Off",
          "type": "tileLayer",
          "url": "http://",
          "options": {}
        }
      ]
    },
    {
      "groupName": "Control Zones",
      "layers": [
        {
          "name": "On",
          "type": "controlZones",
          "options": {}
        },
        {
          "name": "Off",
          "type": "tileLayer",
          "url": "http://",
          "options": {}
        }
      ]
    }
  ]
}
